[
    {
        "id": 1,
        "keyName": "鼠标左键",
        "pressKey": [
            0
        ],
        "isKeybord": false,
        "canSet": false,
        "event": "onMouseLeft"
    },
    {
        "id": 2,
        "keyName": "鼠标右键",
        "pressKey": [
            1
        ],
        "isKeybord": false,
        "canSet": false,
        "event": "onMouseRight"
    },
    {
        "id": 3,
        "keyName": "shift+鼠标左键",
        "pressKey": [
            12,
            0
        ],
        "isKeybord": false,
        "canSet": false,
        "event": "onMouseLeft_SF"
    },
    {
        "id": 4,
        "keyName": "alt+鼠标左键",
        "pressKey": [
            16,
            0
        ],
        "isKeybord": false,
        "canSet": false,
        "event": "onMouseLeft_Alt",
        "keyType": "base",
        "params": {
            "name": "wa"
        }
    },
    {
        "id": 5,
        "keyName": "ctrl+鼠标右键",
        "pressKey": [
            14,
            1
        ],
        "isKeybord": false,
        "canSet": false,
        "event": "onMouseRight_ctrl"
    },
    {
        "id": 6,
        "keyName": "F1",
        "pressKey": [
            47
        ],
        "isKeybord": true,
        "canSet": false,
        "event": "onKeybord_F1"
    },
    {
        "id": 7,
        "keyName": "F2",
        "pressKey": [
            48
        ],
        "isKeybord": true,
        "canSet": false,
        "event": "onKeybord_F2"
    },
    {
        "id": 8,
        "keyName": "F3",
        "pressKey": [
            49
        ],
        "isKeybord": true,
        "canSet": false,
        "event": "onKeybord_F3"
    },
    {
        "id": 9,
        "keyName": "F4",
        "pressKey": [
            50
        ],
        "isKeybord": true,
        "canSet": false,
        "event": "onKeybord_F4"
    },
    {
        "id": 10,
        "keyName": "F5",
        "pressKey": [
            51
        ],
        "isKeybord": true,
        "canSet": false,
        "event": "onKeybord_F5"
    },
    {
        "id": 11,
        "keyName": "F6",
        "pressKey": [
            52
        ],
        "isKeybord": true,
        "canSet": false,
        "event": "onKeybord_F6"
    },
    {
        "id": 12,
        "keyName": "F7",
        "pressKey": [
            53
        ],
        "isKeybord": true,
        "canSet": false,
        "event": "onKeybord_F7"
    },
    {
        "id": 13,
        "keyName": "F8",
        "pressKey": [
            54
        ],
        "isKeybord": true,
        "canSet": false,
        "event": "onKeybord_F8"
    },
    {
        "id": 14,
        "keyName": "F9",
        "pressKey": [
            55
        ],
        "isKeybord": true,
        "canSet": true,
        "event": "onKeybord_F9",
        "keyType": "panel",
        "params": {
            "name": "bag"
        }
    },
    {
        "id": 15,
        "keyName": "F10",
        "pressKey": [
            56
        ],
        "isKeybord": true,
        "canSet": true,
        "event": "onKeybord_F10",
        "keyType": "panel",
        "params": {
            "name": "equip"
        }
    },
    {
        "id": 16,
        "keyName": "F11",
        "pressKey": [
            57
        ],
        "isKeybord": true,
        "canSet": true,
        "event": "onKeybord_F11",
        "keyType": "panel",
        "params": {
            "name": "skill"
        }
    },
    {
        "id": 17,
        "keyName": "F12",
        "pressKey": [
            58
        ],
        "isKeybord": true,
        "canSet": true,
        "event": "onKeybord_F12",
        "keyType": "panel",
        "params": {
            "name": "setting"
        }
    },
    {
        "id": 18,
        "keyName": "ctrl+F1",
        "pressKey": [
            14,
            47
        ],
        "isKeybord": true,
        "canSet": false,
        "event": "onKeybord_CF1"
    },
    {
        "id": 19,
        "keyName": "ctrl+F2",
        "pressKey": [
            14,
            48
        ],
        "isKeybord": true,
        "canSet": false,
        "event": "onKeybord_CF2"
    },
    {
        "id": 20,
        "keyName": "ctrl+F3",
        "pressKey": [
            14,
            49
        ],
        "isKeybord": true,
        "canSet": false,
        "event": "onKeybord_CF3"
    },
    {
        "id": 21,
        "keyName": "ctrl+F4",
        "pressKey": [
            14,
            50
        ],
        "isKeybord": true,
        "canSet": false,
        "event": "onKeybord_CF4"
    },
    {
        "id": 22,
        "keyName": "ctrl+F5",
        "pressKey": [
            14,
            51
        ],
        "isKeybord": true,
        "canSet": false,
        "event": "onKeybord_CF5"
    },
    {
        "id": 23,
        "keyName": "ctrl+F6",
        "pressKey": [
            14,
            52
        ],
        "isKeybord": true,
        "canSet": false,
        "event": "onKeybord_CF6"
    },
    {
        "id": 24,
        "keyName": "ctrl+F7",
        "pressKey": [
            14,
            53
        ],
        "isKeybord": true,
        "canSet": false,
        "event": "onKeybord_CF7"
    },
    {
        "id": 25,
        "keyName": "ctrl+F8",
        "pressKey": [
            14,
            54
        ],
        "isKeybord": true,
        "canSet": false,
        "event": "onKeybord_CF8"
    },
    {
        "id": 26,
        "keyName": "ctrl+F9",
        "pressKey": [
            14,
            55
        ],
        "isKeybord": true,
        "canSet": true,
        "event": "onKeybord_CF9",
        "keyType": "hero",
        "params": {
            "name": "bag"
        }
    },
    {
        "id": 27,
        "keyName": "ctrl+F10",
        "pressKey": [
            14,
            56
        ],
        "isKeybord": true,
        "canSet": true,
        "event": "onKeybord_CF10",
        "keyType": "hero",
        "params": {
            "name": "equip"
        }
    },
    {
        "id": 28,
        "keyName": "ctrl+F11",
        "pressKey": [
            14,
            57
        ],
        "isKeybord": true,
        "canSet": true,
        "event": "onKeybord_CF11"
    },
    {
        "id": 29,
        "keyName": "ctrl+F12",
        "pressKey": [
            14,
            58
        ],
        "isKeybord": true,
        "canSet": true,
        "event": "onKeybord_CF12"
    },
    {
        "id": 30,
        "keyName": 0,
        "pressKey": [
            76
        ],
        "isKeybord": true,
        "canSet": false,
        "event": "onKeybord_0",
        "keyType": "base",
        "params": {
            "name": "back"
        }
    },
    {
        "id": 31,
        "keyName": 1,
        "pressKey": [
            77
        ],
        "isKeybord": true,
        "canSet": false,
        "event": "onKeybord_1",
        "keyType": "customs",
        "params": {
            "index": 1
        }
    },
    {
        "id": 32,
        "keyName": 2,
        "pressKey": [
            78
        ],
        "isKeybord": true,
        "canSet": false,
        "event": "onKeybord_2",
        "keyType": "customs",
        "params": {
            "index": 2
        }
    },
    {
        "id": 33,
        "keyName": 3,
        "pressKey": [
            79
        ],
        "isKeybord": true,
        "canSet": false,
        "event": "onKeybord_3",
        "keyType": "customs",
        "params": {
            "index": 3
        }
    },
    {
        "id": 34,
        "keyName": 4,
        "pressKey": [
            80
        ],
        "isKeybord": true,
        "canSet": false,
        "event": "onKeybord_4",
        "keyType": "customs",
        "params": {
            "index": 4
        }
    },
    {
        "id": 35,
        "keyName": 5,
        "pressKey": [
            81
        ],
        "isKeybord": true,
        "canSet": false,
        "event": "onKeybord_5",
        "keyType": "customs",
        "params": {
            "index": 5
        }
    },
    {
        "id": 36,
        "keyName": 6,
        "pressKey": [
            82
        ],
        "isKeybord": true,
        "canSet": false,
        "event": "onKeybord_6",
        "keyType": "customs",
        "params": {
            "index": 6
        }
    },
    {
        "id": 37,
        "keyName": 7,
        "pressKey": [
            83
        ],
        "isKeybord": true,
        "canSet": false,
        "event": "onKeybord_7"
    },
    {
        "id": 38,
        "keyName": 8,
        "pressKey": [
            84
        ],
        "isKeybord": true,
        "canSet": false,
        "event": "onKeybord_8"
    },
    {
        "id": 39,
        "keyName": 9,
        "pressKey": [
            85
        ],
        "isKeybord": true,
        "canSet": false,
        "event": "onKeybord_9"
    },
    {
        "id": 40,
        "keyName": "A",
        "pressKey": [
            124
        ],
        "isKeybord": true,
        "canSet": true,
        "event": "onKeybord_A"
    },
    {
        "id": 41,
        "keyName": "B",
        "pressKey": [
            125
        ],
        "isKeybord": true,
        "canSet": true,
        "event": "onKeybord_B"
    },
    {
        "id": 42,
        "keyName": "C",
        "pressKey": [
            126
        ],
        "isKeybord": true,
        "canSet": true,
        "event": "onKeybord_C"
    },
    {
        "id": 43,
        "keyName": "D",
        "pressKey": [
            127
        ],
        "isKeybord": true,
        "canSet": true,
        "event": "onKeybord_D"
    },
    {
        "id": 44,
        "keyName": "E",
        "pressKey": [
            128
        ],
        "isKeybord": true,
        "canSet": true,
        "event": "onKeybord_E"
    },
    {
        "id": 45,
        "keyName": "F",
        "pressKey": [
            129
        ],
        "isKeybord": true,
        "canSet": true,
        "event": "onKeybord_F"
    },
    {
        "id": 46,
        "keyName": "G",
        "pressKey": [
            130
        ],
        "isKeybord": true,
        "canSet": true,
        "event": "onKeybord_G"
    },
    {
        "id": 47,
        "keyName": "H",
        "pressKey": [
            131
        ],
        "isKeybord": true,
        "canSet": true,
        "event": "onKeybord_H"
    },
    {
        "id": 48,
        "keyName": "I",
        "pressKey": [
            132
        ],
        "isKeybord": true,
        "canSet": true,
        "event": "onKeybord_I"
    },
    {
        "id": 49,
        "keyName": "J",
        "pressKey": [
            133
        ],
        "isKeybord": true,
        "canSet": true,
        "event": "onKeybord_J"
    },
    {
        "id": 50,
        "keyName": "K",
        "pressKey": [
            134
        ],
        "isKeybord": true,
        "canSet": true,
        "event": "onKeybord_K"
    },
    {
        "id": 51,
        "keyName": "L",
        "pressKey": [
            135
        ],
        "isKeybord": true,
        "canSet": true,
        "event": "onKeybord_L"
    },
    {
        "id": 52,
        "keyName": "M",
        "pressKey": [
            136
        ],
        "isKeybord": true,
        "canSet": true,
        "event": "onKeybord_M"
    },
    {
        "id": 53,
        "keyName": "N",
        "pressKey": [
            137
        ],
        "isKeybord": true,
        "canSet": true,
        "event": "onKeybord_N"
    },
    {
        "id": 54,
        "keyName": "O",
        "pressKey": [
            138
        ],
        "isKeybord": true,
        "canSet": true,
        "event": "onKeybord_O"
    },
    {
        "id": 55,
        "keyName": "P",
        "pressKey": [
            139
        ],
        "isKeybord": true,
        "canSet": true,
        "event": "onKeybord_P"
    },
    {
        "id": 56,
        "keyName": "Q",
        "pressKey": [
            140
        ],
        "isKeybord": true,
        "canSet": true,
        "event": "onKeybord_Q"
    },
    {
        "id": 57,
        "keyName": "R",
        "pressKey": [
            141
        ],
        "isKeybord": true,
        "canSet": true,
        "event": "onKeybord_R"
    },
    {
        "id": 58,
        "keyName": "S",
        "pressKey": [
            142
        ],
        "isKeybord": true,
        "canSet": true,
        "event": "onKeybord_S"
    },
    {
        "id": 59,
        "keyName": "T",
        "pressKey": [
            143
        ],
        "isKeybord": true,
        "canSet": true,
        "event": "onKeybord_T"
    },
    {
        "id": 60,
        "keyName": "U",
        "pressKey": [
            144
        ],
        "isKeybord": true,
        "canSet": true,
        "event": "onKeybord_U"
    },
    {
        "id": 61,
        "keyName": "V",
        "pressKey": [
            145
        ],
        "isKeybord": true,
        "canSet": true,
        "event": "onKeybord_V"
    },
    {
        "id": 62,
        "keyName": "W",
        "pressKey": [
            146
        ],
        "isKeybord": true,
        "canSet": true,
        "event": "onKeybord_W"
    },
    {
        "id": 63,
        "keyName": "X",
        "pressKey": [
            147
        ],
        "isKeybord": true,
        "canSet": true,
        "event": "onKeybord_X"
    },
    {
        "id": 64,
        "keyName": "Y",
        "pressKey": [
            148
        ],
        "isKeybord": true,
        "canSet": true,
        "event": "onKeybord_Y"
    },
    {
        "id": 65,
        "keyName": "Z",
        "pressKey": [
            149
        ],
        "isKeybord": true,
        "canSet": true,
        "event": "onKeybord_Z"
    },
    {
        "id": 66,
        "keyName": "Space",
        "pressKey": [
            59
        ],
        "isKeybord": true,
        "canSet": true,
        "event": "onKeybord_Space"
    },
    {
        "id": 67,
        "keyName": "SF",
        "pressKey": [
            12
        ],
        "isKeybord": true,
        "canSet": false,
        "event": "onKeybord_SF",
        "keyType": "base",
        "params": {
            "name": "shift"
        }
    },
    {
        "id": 68,
        "keyName": "SF2",
        "pressKey": [
            13
        ],
        "isKeybord": true,
        "canSet": false
    },
    {
        "id": 69,
        "keyName": "ctrl",
        "pressKey": [
            14
        ],
        "isKeybord": true,
        "canSet": true
    },
    {
        "id": 70,
        "keyName": "ctrl2",
        "pressKey": [
            15
        ],
        "isKeybord": true,
        "canSet": true
    },
    {
        "id": 71,
        "keyName": "alt",
        "pressKey": [
            16
        ],
        "isKeybord": true,
        "canSet": true
    },
    {
        "id": 72,
        "keyName": "alt2",
        "pressKey": [
            17
        ],
        "isKeybord": true,
        "canSet": true
    },
    {
        "id": 73,
        "keyName": "shift+A",
        "pressKey": [
            12,
            124
        ],
        "isKeybord": true,
        "canSet": true
    },
    {
        "id": 74,
        "keyName": "Alt+W",
        "pressKey": [
            16,
            146
        ],
        "isKeybord": true,
        "canSet": true,
        "event": "onKeybord_Alt_W",
        "keyType": "group",
        "params": {
            "name": "quick"
        }
    },
    {
        "id": 75,
        "keyName": "Alt+E",
        "pressKey": [
            16,
            128
        ],
        "isKeybord": true,
        "canSet": true,
        "event": "onKeybord_Alt_E",
        "keyType": "group",
        "params": {
            "name": "quickdel"
        }
    },
    {
        "id": 76,
        "keyName": "Alt+S",
        "pressKey": [
            16,
            142
        ],
        "isKeybord": true,
        "canSet": true,
        "event": "onKeybord_Alt_S",
        "keyType": "relation",
        "params": {
            "name": "blacklist"
        }
    },
    {
        "id": 77,
        "keyName": "Alt+R",
        "pressKey": [
            16,
            141
        ],
        "isKeybord": true,
        "canSet": true,
        "event": "onKeybord_Alt_R",
        "keyType": "relation",
        "params": {
            "name": "attention"
        }
    },
    {
        "id": 78,
        "keyName": "ctrl+A",
        "pressKey": [
            14,
            124
        ],
        "isKeybord": true,
        "canSet": true,
        "event": "onKeybord_CTRL_A",
        "keyType": "pet"
    },
    {
        "id": 79,
        "keyName": "ctrl+H",
        "pressKey": [
            14,
            131
        ],
        "isKeybord": true,
        "canSet": true,
        "event": "onKeybord_CTRL_H",
        "keyType": "attackMode"
    },
    {
        "id": 80,
        "keyName": "ctrl+S",
        "pressKey": [
            14,
            142
        ],
        "isKeybord": true,
        "canSet": true,
        "event": "onKeybord_CTRL_S",
        "keyType": "hero",
        "params": {
            "name": "skill"
        }
    },
    {
        "id": 81,
        "keyName": "ctrl+E",
        "pressKey": [
            14,
            128
        ],
        "isKeybord": true,
        "canSet": true,
        "event": "onKeybord_CTRL_E",
        "keyType": "hero",
        "params": {
            "name": "mode"
        }
    },
    {
        "id": 82,
        "keyName": "ctrl+W",
        "pressKey": [
            14,
            146
        ],
        "isKeybord": true,
        "canSet": true,
        "event": "onKeybord_CTRL_W",
        "keyType": "heropc",
        "params": {
            "name": "lock"
        }
    },
    {
        "id": 83,
        "keyName": "ctrl+Q",
        "pressKey": [
            14,
            140
        ],
        "isKeybord": true,
        "canSet": true,
        "event": "onKeybord_CTRL_Q",
        "keyType": "heropc",
        "params": {
            "name": "guard"
        }
    },
    {
        "id": 84,
        "keyName": "ctrl+B",
        "pressKey": [
            14,
            125
        ],
        "isKeybord": true,
        "canSet": true,
        "event": "onKeybord_CTRL_B",
        "keyType": "panel",
        "params": {
            "name": "shop"
        }
    },
    {
        "id": 85,
        "keyName": "ctrl+K",
        "pressKey": [
            14,
            134
        ],
        "isKeybord": true,
        "canSet": true,
        "event": "onKeybord_CTRL_K",
        "keyType": "normal",
        "params": {
            "name": "btnAutoRat"
        }
    }
]