[
    {
        "level": 1,
        "z_hp": 19,
        "f_hp": 16,
        "d_hp": 17
    },
    {
        "level": 2,
        "z_hp": 24,
        "f_hp": 18,
        "d_hp": 20
    },
    {
        "level": 3,
        "z_hp": 30,
        "f_hp": 20,
        "d_hp": 23
    },
    {
        "level": 4,
        "z_hp": 37,
        "f_hp": 22,
        "d_hp": 27
    },
    {
        "level": 5,
        "z_hp": 44,
        "f_hp": 25,
        "d_hp": 31
    },
    {
        "level": 6,
        "z_hp": 52,
        "f_hp": 27,
        "d_hp": 35
    },
    {
        "level": 7,
        "z_hp": 60,
        "f_hp": 30,
        "d_hp": 40
    },
    {
        "level": 8,
        "z_hp": 69,
        "f_hp": 33,
        "d_hp": 45
    },
    {
        "level": 9,
        "z_hp": 79,
        "f_hp": 36,
        "d_hp": 50
    },
    {
        "level": 10,
        "z_hp": 89,
        "f_hp": 39,
        "d_hp": 56
    },
    {
        "level": 11,
        "z_hp": 100,
        "f_hp": 42,
        "d_hp": 62
    },
    {
        "level": 12,
        "z_hp": 111,
        "f_hp": 45,
        "d_hp": 68
    },
    {
        "level": 13,
        "z_hp": 123,
        "f_hp": 48,
        "d_hp": 75
    },
    {
        "level": 14,
        "z_hp": 136,
        "f_hp": 52,
        "d_hp": 82
    },
    {
        "level": 15,
        "z_hp": 149,
        "f_hp": 56,
        "d_hp": 89
    },
    {
        "level": 16,
        "z_hp": 163,
        "f_hp": 60,
        "d_hp": 97
    },
    {
        "level": 17,
        "z_hp": 177,
        "f_hp": 64,
        "d_hp": 105
    },
    {
        "level": 18,
        "z_hp": 192,
        "f_hp": 68,
        "d_hp": 113
    },
    {
        "level": 19,
        "z_hp": 208,
        "f_hp": 72,
        "d_hp": 122
    },
    {
        "level": 20,
        "z_hp": 224,
        "f_hp": 77,
        "d_hp": 131
    },
    {
        "level": 21,
        "z_hp": 241,
        "f_hp": 81,
        "d_hp": 140
    },
    {
        "level": 22,
        "z_hp": 258,
        "f_hp": 86,
        "d_hp": 150
    },
    {
        "level": 23,
        "z_hp": 276,
        "f_hp": 91,
        "d_hp": 160
    },
    {
        "level": 24,
        "z_hp": 295,
        "f_hp": 96,
        "d_hp": 170
    },
    {
        "level": 25,
        "z_hp": 314,
        "f_hp": 101,
        "d_hp": 181
    },
    {
        "level": 26,
        "z_hp": 334,
        "f_hp": 106,
        "d_hp": 192
    },
    {
        "level": 27,
        "z_hp": 354,
        "f_hp": 111,
        "d_hp": 203
    },
    {
        "level": 28,
        "z_hp": 375,
        "f_hp": 117,
        "d_hp": 215
    },
    {
        "level": 29,
        "z_hp": 397,
        "f_hp": 122,
        "d_hp": 227
    },
    {
        "level": 30,
        "z_hp": 419,
        "f_hp": 128,
        "d_hp": 239
    },
    {
        "level": 31,
        "z_hp": 442,
        "f_hp": 134,
        "d_hp": 252
    },
    {
        "level": 32,
        "z_hp": 465,
        "f_hp": 140,
        "d_hp": 265
    },
    {
        "level": 33,
        "z_hp": 489,
        "f_hp": 146,
        "d_hp": 278
    },
    {
        "level": 34,
        "z_hp": 514,
        "f_hp": 152,
        "d_hp": 292
    },
    {
        "level": 35,
        "z_hp": 539,
        "f_hp": 159,
        "d_hp": 306
    },
    {
        "level": 36,
        "z_hp": 565,
        "f_hp": 165,
        "d_hp": 320
    },
    {
        "level": 37,
        "z_hp": 591,
        "f_hp": 172,
        "d_hp": 335
    },
    {
        "level": 38,
        "z_hp": 618,
        "f_hp": 179,
        "d_hp": 350
    },
    {
        "level": 39,
        "z_hp": 646,
        "f_hp": 186,
        "d_hp": 365
    },
    {
        "level": 40,
        "z_hp": 674,
        "f_hp": 193,
        "d_hp": 381
    },
    {
        "level": 41,
        "z_hp": 703,
        "f_hp": 200,
        "d_hp": 397
    },
    {
        "level": 42,
        "z_hp": 732,
        "f_hp": 207,
        "d_hp": 413
    },
    {
        "level": 43,
        "z_hp": 762,
        "f_hp": 215,
        "d_hp": 430
    },
    {
        "level": 44,
        "z_hp": 793,
        "f_hp": 222,
        "d_hp": 447
    },
    {
        "level": 45,
        "z_hp": 824,
        "f_hp": 230,
        "d_hp": 464
    },
    {
        "level": 46,
        "z_hp": 856,
        "f_hp": 238,
        "d_hp": 482
    },
    {
        "level": 47,
        "z_hp": 888,
        "f_hp": 246,
        "d_hp": 500
    },
    {
        "level": 48,
        "z_hp": 921,
        "f_hp": 254,
        "d_hp": 518
    },
    {
        "level": 49,
        "z_hp": 955,
        "f_hp": 262,
        "d_hp": 537
    },
    {
        "level": 50,
        "z_hp": 989,
        "f_hp": 271,
        "d_hp": 556
    },
    {
        "level": 51,
        "z_hp": 1024,
        "f_hp": 279,
        "d_hp": 575
    },
    {
        "level": 52,
        "z_hp": 1059,
        "f_hp": 288,
        "d_hp": 595
    },
    {
        "level": 53,
        "z_hp": 1095,
        "f_hp": 297,
        "d_hp": 615
    },
    {
        "level": 54,
        "z_hp": 1132,
        "f_hp": 306,
        "d_hp": 635
    },
    {
        "level": 55,
        "z_hp": 1169,
        "f_hp": 315,
        "d_hp": 656
    },
    {
        "level": 56,
        "z_hp": 1207,
        "f_hp": 324,
        "d_hp": 677
    },
    {
        "level": 57,
        "z_hp": 1245,
        "f_hp": 333,
        "d_hp": 698
    },
    {
        "level": 58,
        "z_hp": 1284,
        "f_hp": 343,
        "d_hp": 720
    },
    {
        "level": 59,
        "z_hp": 1324,
        "f_hp": 352,
        "d_hp": 742
    },
    {
        "level": 60,
        "z_hp": 1364,
        "f_hp": 362,
        "d_hp": 764
    },
    {
        "level": 61,
        "z_hp": 1405,
        "f_hp": 372,
        "d_hp": 787
    },
    {
        "level": 62,
        "z_hp": 1446,
        "f_hp": 382,
        "d_hp": 810
    },
    {
        "level": 63,
        "z_hp": 1488,
        "f_hp": 392,
        "d_hp": 833
    },
    {
        "level": 64,
        "z_hp": 1531,
        "f_hp": 402,
        "d_hp": 857
    },
    {
        "level": 65,
        "z_hp": 1574,
        "f_hp": 413,
        "d_hp": 881
    },
    {
        "level": 66,
        "z_hp": 1618,
        "f_hp": 423,
        "d_hp": 905
    },
    {
        "level": 67,
        "z_hp": 1662,
        "f_hp": 434,
        "d_hp": 930
    },
    {
        "level": 68,
        "z_hp": 1707,
        "f_hp": 445,
        "d_hp": 955
    },
    {
        "level": 69,
        "z_hp": 1753,
        "f_hp": 456,
        "d_hp": 950
    },
    {
        "level": 70,
        "z_hp": 1799,
        "f_hp": 467,
        "d_hp": 1006
    },
    {
        "level": 71,
        "z_hp": 1846,
        "f_hp": 478,
        "d_hp": 1032
    },
    {
        "level": 72,
        "z_hp": 1893,
        "f_hp": 489,
        "d_hp": 1058
    },
    {
        "level": 73,
        "z_hp": 1941,
        "f_hp": 501,
        "d_hp": 1085
    },
    {
        "level": 74,
        "z_hp": 1990,
        "f_hp": 512,
        "d_hp": 1112
    },
    {
        "level": 75,
        "z_hp": 2039,
        "f_hp": 524,
        "d_hp": 1139
    },
    {
        "level": 76,
        "z_hp": 2089,
        "f_hp": 536,
        "d_hp": 1167
    },
    {
        "level": 77,
        "z_hp": 2139,
        "f_hp": 548,
        "d_hp": 1195
    },
    {
        "level": 78,
        "z_hp": 2190,
        "f_hp": 560,
        "d_hp": 1223
    },
    {
        "level": 79,
        "z_hp": 2242,
        "f_hp": 572,
        "d_hp": 1252
    },
    {
        "level": 80,
        "z_hp": 2294,
        "f_hp": 585,
        "d_hp": 1281
    },
    {
        "level": 81,
        "z_hp": 2347,
        "f_hp": 597,
        "d_hp": 1310
    },
    {
        "level": 82,
        "z_hp": 2400,
        "f_hp": 610,
        "d_hp": 1370
    },
    {
        "level": 83,
        "z_hp": 2454,
        "f_hp": 623,
        "d_hp": 1400
    },
    {
        "level": 84,
        "z_hp": 2509,
        "f_hp": 636,
        "d_hp": 1431
    },
    {
        "level": 85,
        "z_hp": 2564,
        "f_hp": 649,
        "d_hp": 1462
    },
    {
        "level": 86,
        "z_hp": 2620,
        "f_hp": 662,
        "d_hp": 1493
    },
    {
        "level": 87,
        "z_hp": 2676,
        "f_hp": 675,
        "d_hp": 1525
    },
    {
        "level": 88,
        "z_hp": 2733,
        "f_hp": 689,
        "d_hp": 1557
    },
    {
        "level": 89,
        "z_hp": 2791,
        "f_hp": 702,
        "d_hp": 1589
    },
    {
        "level": 90,
        "z_hp": 2849,
        "f_hp": 716,
        "d_hp": 1622
    },
    {
        "level": 91,
        "z_hp": 2908,
        "f_hp": 730,
        "d_hp": 1655
    },
    {
        "level": 92,
        "z_hp": 2967,
        "f_hp": 744,
        "d_hp": 1688
    },
    {
        "level": 93,
        "z_hp": 3027,
        "f_hp": 758,
        "d_hp": 1722
    },
    {
        "level": 94,
        "z_hp": 3088,
        "f_hp": 772,
        "d_hp": 1756
    },
    {
        "level": 95,
        "z_hp": 3149,
        "f_hp": 787,
        "d_hp": 1790
    },
    {
        "level": 96,
        "z_hp": 3211,
        "f_hp": 801,
        "d_hp": 1825
    },
    {
        "level": 97,
        "z_hp": 3273,
        "f_hp": 816,
        "d_hp": 1860
    },
    {
        "level": 98,
        "z_hp": 3336,
        "f_hp": 831,
        "d_hp": 1860
    },
    {
        "level": 99,
        "z_hp": 3400,
        "f_hp": 846,
        "d_hp": 1895
    },
    {
        "level": 100,
        "z_hp": 3464,
        "f_hp": 861,
        "d_hp": 1931
    }
]