{
	"notices" : {
		"185" : "<b b=165 size=20 r=206 g=191 \/><t                           185版本公告\\n\/><\/b><b b=165 size=20 r=206 g=191 \/><t  尊敬的各位首测玩家：\\n\/><\/b><b b=165 size=20 r=206 g=191 \/><t      欢迎参加热血传奇原始版首次精英测试。本次测试内容为封闭测试。测试详情如下：\\n\/><\/b><b b=165 size=20 r=206 g=191 \/><t      测试时间：8月28日至9月30日\\n\/><\/b><b b=165 size=20 r=206 g=191 \/><t      测试内容：武器开放到祖玛级别。等级最大60级。\\n\/><\/b><b b=165 size=20 r=206 g=191 \/><t      官网链接如下：\/><\/b><b b=246 size=20 urladdr=www.mir2ys.sdo.com r=72 urltext=mir2ys.sdo.com g=138 \/><t    \\n\/><\/b><b b=165 size=20 r=206 g=191 \/><t                                      热血传奇原始版运营团队\\n\/><\/b><b b=165 size=20 r=206 g=191 \/><t                                               2016年8月30日\/><\/b>",
		"176" : "<b b=165 size=20 r=206 g=191 \/><t                        176版本公告\\n\/><\/b><b b=165 size=20 r=206 g=191 \/><t  尊敬的各位首测玩家：\\n\/><\/b><b b=165 size=20 r=206 g=191 \/><t       欢迎参加热血传奇原始版首次精英测试。本次测试内容为封闭测试。测试详情如下：\\n\/><\/b><b b=165 size=20 r=206 g=191 \/><t        测试时间：8月28日至9月30日\\n\/><\/b><b b=165 size=20 r=206 g=191 \/><t        测试内容：武器开放到祖玛级别。等级最大60级。\\n\/><\/b><b b=165 size=20 r=206 g=191 \/><t        官网链接如下：\/><\/b><b b=246 size=20 urladdr=www.mir2ys.sdo.com r=72 urltext=mir2ys.sdo.com g=138 \/><t    \\n\/><\/b><b b=165 size=20 r=206 g=191 \/><t                                      热血传奇原始版运营团队\\n\/><\/b><b b=165 size=20 r=206 g=191 \/><t                                               2016年8月30日\/><\/b>",
		"180" : "<b b=165 size=20 r=206 g=191 \/><t                          180版本公告\\n\/><\/b><b b=165 size=20 r=206 g=191 \/><t  尊敬的各位首测玩家：\\n\/><\/b><b b=165 size=20 r=206 g=191 \/><t      欢迎参加热血传奇原始版首次精英测试。本次测试内容为封闭测试。测试详情如下：\\n\/><\/b><b b=165 size=20 r=206 g=191 \/><t      测试时间：8月28日至9月30日\\n\/><\/b><b b=165 size=20 r=206 g=191 \/><t      测试内容：武器开放到祖玛级别。等级最大60级。\\n\/><\/b><b b=165 size=20 r=206 g=191 \/><t      官网链接如下：\/><\/b><b b=246 size=20 urladdr=www.mir2ys.sdo.com r=72 urltext=mir2ys.sdo.com g=138 \/><t    \\n\/><\/b><b b=165 size=20 r=206 g=191 \/><t                                      热血传奇原始版运营团队\\n\/><\/b><b b=165 size=20 r=206 g=191 \/><t                                               2016年8月30日\/><\/b>"
	},
	"servers" : [{
			"ver" : 176,
			"area" : 0,
			"ip" : "150.242.59.147",
			"id" : 1,
			"suggest" : 1,
			"group" : {
				"min" : 1,
				"max" : 10
			},
			"name" : "176内网",
			"heat" : 2
		}, {
			"ver" : 176,
			"area" : 0,
			"ip" : "150.242.59.147",
			"id" : 2,
			"suggest" : 2,
			"group" : {
				"min" : 1,
				"max" : 10
			},
			"name" : "一掷乾坤",
			"heat" : 2
		}, {
			"ver" : 180,
			"area" : 0,
			"ip" : "150.242.59.148",
			"id" : 1,
			"suggest" : 2,
			"group" : {
				"min" : 1,
				"max" : 10
			},
			"name" : "180内网",
			"heat" : 2
		}, {
			"ver" : 180,
			"area" : 0,
			"ip" : "150.242.59.148",
			"id" : 2,
			"suggest" : 2,
			"group" : {
				"min" : 1,
				"max" : 10
			},
			"name" : "一飞冲天",
			"heat" : 2
		}, {
			"ver" : 185,
			"area" : 0,
			"ip" : "150.242.59.149",
			"id" : 1,
			"suggest" : 2,
			"group" : {
				"min" : 1,
				"max" : 10
			},
			"name" : "185内网",
			"heat" : 2
		}, {
			"ver" : 185,
			"area" : 0,
			"ip" : "150.242.59.149",
			"id" : 2,
			"suggest" : 2,
			"group" : {
				"min" : 1,
				"max" : 10
			},
			"name" : "一马当先",
			"heat" : 2
		}
	],
	"forces" : ["服务器因例行维护停服，具体停服时间为：8\/29日全天。"]
}