[
    {
        "id": 1,
        "title": "背包界面",
        "keyType": "panel",
        "name": "bag",
        "version": [
            175,
            180,
            185
        ]
    },
    {
        "id": 2,
        "title": "装备界面",
        "keyType": "panel",
        "name": "equip",
        "version": [
            175,
            180,
            185
        ]
    },
    {
        "id": 3,
        "title": "技能界面",
        "keyType": "panel",
        "name": "skill",
        "version": [
            175,
            180,
            185
        ]
    },
    {
        "id": 4,
        "title": "设置界面",
        "keyType": "panel",
        "name": "setting",
        "version": [
            175,
            180,
            185
        ]
    },
    {
        "id": 5,
        "title": "添加队员",
        "keyType": "group",
        "name": "quick",
        "version": [
            175,
            180,
            185
        ]
    },
    {
        "id": 6,
        "title": "删除队员",
        "keyType": "group",
        "name": "quickdel",
        "version": [
            175,
            180,
            185
        ]
    },
    {
        "id": 7,
        "title": "添加目标",
        "keyType": "relation",
        "name": "attention",
        "version": [
            175,
            180,
            185
        ]
    },
    {
        "id": 8,
        "title": "加黑名单",
        "keyType": "relation",
        "name": "blacklist",
        "version": [
            175,
            180,
            185
        ]
    },
    {
        "id": 9,
        "title": "攻击模式",
        "keyType": "attackMode",
        "version": [
            175,
            180,
            185
        ]
    },
    {
        "id": 10,
        "title": "下属模式",
        "keyType": "pet",
        "version": [
            175,
            180,
            185
        ]
    },
    {
        "id": 11,
        "title": "商城",
        "keyType": "panel",
        "name": "shop",
        "version": [
            175,
            180,
            185
        ]
    },
    {
        "id": 12,
        "title": "回城",
        "keyType": "base",
        "name": "back",
        "version": [
            175,
            180,
            185
        ]
    },
    {
        "id": 13,
        "title": "自动战斗",
        "keyType": "normal",
        "name": "btnAutoRat",
        "version": [
            175,
            180,
            185
        ]
    },
    {
        "id": 14,
        "title": "按键发音",
        "keyType": "voice"
    },
    {
        "id": 15,
        "title": "召唤英雄",
        "keyType": "hero",
        "name": "call",
        "version": [
            185
        ]
    },
    {
        "id": 16,
        "title": "英雄背包",
        "keyType": "hero",
        "name": "bag",
        "version": [
            185
        ]
    },
    {
        "id": 17,
        "title": "英雄装备",
        "keyType": "hero",
        "name": "equip",
        "version": [
            185
        ]
    },
    {
        "id": 18,
        "title": "英雄锁定",
        "keyType": "heropc",
        "name": "lock",
        "version": [
            185
        ]
    },
    {
        "id": 19,
        "title": "英雄合击",
        "keyType": "hero",
        "name": "skill",
        "version": [
            185
        ]
    },
    {
        "id": 20,
        "title": "英雄守护",
        "keyType": "heropc",
        "name": "guard",
        "version": [
            185
        ]
    },
    {
        "id": 21,
        "title": "英雄模式",
        "keyType": "hero",
        "name": "mode",
        "version": [
            185
        ]
    }
]