[
    {
        "name": "spaceMoveHide",
        "playType": 1,
        "rsc": "magic",
        "rscIdx": 250,
        "frame": 10,
        "delay": 0.06,
        "noBlend": false,
        "sound": 109
    },
    {
        "name": "spaceMoveHide2",
        "playType": 1,
        "rsc": "magic",
        "rscIdx": 1590,
        "frame": 10,
        "delay": 0.06,
        "noBlend": false,
        "sound": 109
    },
    {
        "name": "spaceMoveShow",
        "playType": 1,
        "rsc": "magic",
        "rscIdx": 260,
        "frame": 10,
        "delay": 0.06,
        "noBlend": false,
        "sound": 110
    },
    {
        "name": "spaceMoveShow2",
        "playType": 1,
        "rsc": "magic",
        "rscIdx": 1600,
        "frame": 10,
        "delay": 0.06,
        "noBlend": false,
        "sound": 110
    },
    {
        "name": "levelup",
        "playType": 0,
        "rsc": "prguse2",
        "rscIdx": 110,
        "frame": 14,
        "delay": 0.08,
        "noBlend": false,
        "sound": "powerup.mp3"
    },
    {
        "name": "protectionPip",
        "playType": 0,
        "rsc": "magic6",
        "rscIdx": 470,
        "frame": 5,
        "delay": 0.14,
        "noBlend": false
    },
    {
        "name": "protectionStruck",
        "playType": 0,
        "rsc": "magic5",
        "rscIdx": 790,
        "frame": 10,
        "delay": 0.14,
        "noBlend": false
    },
    {
        "name": "effectNum1",
        "playType": 0,
        "rsc": "mon14",
        "rscIdx": 410,
        "frame": 6,
        "delay": 0.12,
        "noBlend": true
    },
    {
        "name": "effectNum2",
        "playType": 0,
        "rsc": "magic2",
        "rscIdx": 670,
        "frame": 10,
        "delay": 0.15,
        "noBlend": true
    },
    {
        "name": "effectNum3",
        "playType": 0,
        "rsc": "magic2",
        "rscIdx": 690,
        "frame": 10,
        "delay": 0.15,
        "noBlend": true,
        "sound": 48
    },
    {
        "name": "flyaxe",
        "playType": 2,
        "byRace": 45,
        "rsc": "mon8",
        "rscIdx": 447,
        "frame": 3,
        "delay": 0.12,
        "skip": 7,
        "noBlend": true
    },
    {
        "name": "flyaxe",
        "playType": 2,
        "byRace": 15,
        "rsc": "mon3",
        "rscIdx": 447,
        "frame": 3,
        "delay": 0.12,
        "skip": 7,
        "noBlend": true
    },
    {
        "name": "flyaxe",
        "playType": 2,
        "byRace": 63,
        "rsc": "mon20",
        "rscIdx": 3573,
        "frame": 6,
        "delay": 0.12,
        "skip": 4,
        "noBlend": false
    },
    {
        "name": "flyaxe",
        "playType": 2,
        "byRace": 79,
        "rsc": "mon22",
        "rscIdx": 1989,
        "frame": 1,
        "delay": 0.12,
        "skip": 9,
        "noBlend": true
    },
    {
        "name": "heroBorn",
        "playType": 0,
        "rsc": "effect",
        "rscIdx": 800,
        "frame": 10,
        "delay": 0.08,
        "noBlend": false,
        "sound": "herologin.mp3"
    },
    {
        "name": "heroHide",
        "playType": 0,
        "rsc": "effect",
        "rscIdx": 810,
        "frame": 10,
        "delay": 0.08,
        "noBlend": false,
        "sound": "herologin.mp3"
    },
    {
        "name": "heroSplistShadow",
        "playType": 3,
        "rsc": "magic5",
        "rscIdx": 10,
        "frame": 10,
        "delay": 0.08,
        "noBlend": false,
        "next": "heroSplistShadow2"
    },
    {
        "name": "heroSplistShadow2",
        "playType": 0,
        "rsc": "magic",
        "rscIdx": 90,
        "frame": 10,
        "delay": 0.08,
        "noBlend": false
    }
]