[
    {
        "id": 50000,
        "name": [
            "神秘的锻造师",
            "云游的锻造师",
            "铁匠铺老板",
            "精武馆老板",
            "朴铁匠",
            "兵器店老板",
            "安家铺子老板",
            "铁匠"
        ],
        "race": 50,
        "appr": 0,
        "img": "npc",
        "imgIdx": 0,
        "direction": 3
    },
    {
        "id": 50001,
        "name": [
            "矿洞引导",
            "山谷老兵",
            "边界老兵",
            "勋章守护人",
            "边界村小店老板",
            "海边老兵",
            "比奇老兵",
            "卫家店",
            "赖家店老板",
            "簿家药铺老板",
            "许家店",
            "沙巴克老人",
            "药店老板",
            "项链店老板",
            "罗家铺子老板",
            "老兵",
            "药铺老板",
            "屠夫",
            "盟重老兵",
            "武器店老板",
            "海岛老兵",
            "圣域引路人",
            "质询者"
        ],
        "race": 50,
        "appr": 1,
        "img": "npc",
        "imgIdx": 60,
        "direction": 3
    },
    {
        "id": 50002,
        "name": [
            "书店老板",
            "陈家铺子老板",
            "朴家书屋老板",
            "逃离点"
        ],
        "race": 50,
        "appr": 2,
        "img": "npc",
        "imgIdx": 120,
        "direction": 3
    },
    {
        "id": 50003,
        "name": [
            "炼金师",
            "杂货铺老板",
            "陈家铺老板",
            "彩票员",
            "高级道士",
            "高级武士",
            "高级魔法师",
            "罗家铺子老板",
            "小贩",
            "流浪汉",
            "彩票员",
            "沓水杂货"
        ],
        "race": 50,
        "appr": 3,
        "img": "npc",
        "imgIdx": 180,
        "direction": 3
    },
    {
        "id": 50004,
        "name": [
            "屠夫",
            "戒指店老板",
            "手套店老板",
            "项链店老板",
            "合家药店老板"
        ],
        "race": 50,
        "appr": 4,
        "img": "npc",
        "imgIdx": 240,
        "direction": 3
    },
    {
        "id": 50005,
        "name": [
            "夏家店老板",
            "助理小敏",
            "助理小敏",
            "网络文明宣传员",
            "手镯店老板",
            "老张头盔店",
            "戒指店老板",
            "头盔店老板",
            "仓库保管员",
            "首饰店老板",
            "云游的鉴宝师"
        ],
        "race": 50,
        "appr": 5,
        "img": "npc",
        "imgIdx": 300,
        "direction": 3
    },
    {
        "id": 50006,
        "name": [
            "仓库保管员",
            "项链店老板",
            "手镯店老板",
            "悦来客栈老板"
        ],
        "race": 50,
        "appr": 6,
        "img": "npc",
        "imgIdx": 360,
        "direction": 3
    },
    {
        "id": 50007,
        "name": [
            "服装店老板",
            "高家店老板",
            "白家服装老板",
            "安家布衣",
            "张家布店老板",
            "布店老板",
            "米家服装老板"
        ],
        "race": 50,
        "appr": 7,
        "img": "npc",
        "imgIdx": 420,
        "direction": 3
    },
    {
        "id": 50008,
        "name": [
            "国王",
            "沙巴克城堡官员"
        ],
        "race": 50,
        "appr": 8,
        "img": "npc",
        "imgIdx": 480,
        "direction": 3
    },
    {
        "id": 50009,
        "name": [
            "药店老板",
            "行商人",
            "沓水店老板",
            "药房小老板",
            "麦家铺子",
            "商人",
            "仓库保管员",
            "孤独老人",
            "老人",
            "神秘老人",
            "药剂师",
            "刘老头",
            "小李",
            "小张",
            "老翁"
        ],
        "race": 50,
        "appr": 9,
        "img": "npc",
        "imgIdx": 540,
        "direction": 3
    },
    {
        "id": 50011,
        "name": [
            "屠夫",
            "黄家肉店老板"
        ],
        "race": 50,
        "appr": 11,
        "img": "npc",
        "imgIdx": 660,
        "direction": 3
    },
    {
        "id": 50012,
        "name": [
            "红娘",
            "成男"
        ],
        "race": 50,
        "appr": 12,
        "img": "npc",
        "imgIdx": 720,
        "direction": 3
    },
    {
        "id": 50013,
        "name": [
            "林小姐"
        ],
        "race": 50,
        "appr": 13,
        "img": "npc",
        "imgIdx": 780,
        "direction": 3
    },
    {
        "id": 50014,
        "name": [
            "踏云尊者",
            "天尊",
            "月老"
        ],
        "race": 50,
        "appr": 14,
        "img": "npc",
        "imgIdx": 840,
        "direction": 3
    },
    {
        "id": 50015,
        "name": [
            "元宝使者",
            "镇魔守将",
            "地下城守卫",
            "武器店老板",
            "新兵使者",
            "黄飞龙",
            "武馆教头",
            "向导",
            "白日门勇士",
            "合成师"
        ],
        "race": 50,
        "appr": 15,
        "img": "npc",
        "imgIdx": 900,
        "direction": 3
    },
    {
        "id": 50016,
        "name": [
            "武术教头"
        ],
        "race": 50,
        "appr": 16,
        "img": "npc",
        "imgIdx": 960,
        "direction": 3
    },
    {
        "id": 50017,
        "name": [
            "杂货店老板",
            "杂货铺老板"
        ],
        "race": 50,
        "appr": 17,
        "img": "npc",
        "imgIdx": 1020,
        "direction": 3
    },
    {
        "id": 50018,
        "name": [
            "书店老板",
            "仓库保管员"
        ],
        "race": 50,
        "appr": 18,
        "img": "npc",
        "imgIdx": 1080,
        "direction": 3
    },
    {
        "id": 50019,
        "name": [
            "道术学员"
        ],
        "race": 50,
        "appr": 19,
        "img": "npc",
        "imgIdx": 1140,
        "direction": 3
    },
    {
        "id": 50020,
        "name": [
            "首饰店老板",
            "白日门来客"
        ],
        "race": 50,
        "appr": 20,
        "img": "npc",
        "imgIdx": 1200,
        "direction": 3
    },
    {
        "id": 50021,
        "name": [
            "武术学员"
        ],
        "race": 50,
        "appr": 21,
        "img": "npc",
        "imgIdx": 1260,
        "direction": 3
    },
    {
        "id": 50022,
        "name": [
            "水晶鉴定师",
            "药剂师"
        ],
        "race": 50,
        "appr": 22,
        "img": "npc",
        "imgIdx": 1320,
        "direction": 3
    },
    {
        "id": 50023,
        "name": [
            "服装店老板"
        ],
        "race": 50,
        "appr": 23,
        "img": "npc",
        "imgIdx": 1380,
        "direction": 3
    },
    {
        "id": 50024,
        "name": [
            "皇家大学士",
            "道术教头",
            "天虹法师"
        ],
        "race": 50,
        "appr": 24,
        "img": "npc",
        "imgIdx": 1470,
        "direction": 3
    },
    {
        "id": 50025,
        "name": [
            "药店老板"
        ],
        "race": 50,
        "appr": 25,
        "img": "npc",
        "imgIdx": 1530,
        "direction": 3
    },
    {
        "id": 50026,
        "name": [
            "送宝人偶"
        ],
        "race": 50,
        "appr": 26,
        "img": "npc",
        "imgIdx": 1620,
        "direction": 3
    },
    {
        "id": 50027,
        "name": [
            "沃玛教主_old"
        ],
        "race": 50,
        "appr": 27,
        "img": "npc",
        "imgIdx": 1640,
        "direction": 3
    },
    {
        "id": 50028,
        "name": [
            "恶魔药剂师_old"
        ],
        "race": 50,
        "appr": 28,
        "img": "npc",
        "imgIdx": 1740,
        "direction": 3
    },
    {
        "id": 50029,
        "name": [
            "恶魔老兵_old"
        ],
        "race": 50,
        "appr": 29,
        "img": "npc",
        "imgIdx": 1800,
        "direction": 3
    },
    {
        "id": 50030,
        "name": [
            "恶魔铁匠",
            "恶魔铁匠铺老板",
            "恶魔学者_old"
        ],
        "race": 50,
        "appr": 30,
        "img": "npc",
        "imgIdx": 1860,
        "direction": 3
    },
    {
        "id": 50031,
        "name": [
            "恶魔首饰老板_old"
        ],
        "race": 50,
        "appr": 31,
        "img": "npc",
        "imgIdx": 1920,
        "direction": 3
    },
    {
        "id": 50032,
        "name": [
            "恶魔布店老板_old"
        ],
        "race": 50,
        "appr": 32,
        "img": "npc",
        "imgIdx": 1950,
        "direction": 3
    },
    {
        "id": 50033,
        "name": [
            "恶魔老人_old"
        ],
        "race": 50,
        "appr": 33,
        "img": "npc",
        "imgIdx": 2040,
        "direction": 3
    },
    {
        "id": 50034,
        "name": [
            "恶魔屠夫",
            "恶魔修理师_old"
        ],
        "race": 50,
        "appr": 34,
        "img": "npc",
        "imgIdx": 2100,
        "direction": 3
    },
    {
        "id": 50035,
        "name": [
            "玛法战神_old"
        ],
        "race": 50,
        "appr": 35,
        "img": "npc",
        "imgIdx": 2160,
        "direction": 3
    },
    {
        "id": 50036,
        "name": [
            "玛法战魁_old"
        ],
        "race": 50,
        "appr": 36,
        "img": "npc",
        "imgIdx": 2220,
        "direction": 3
    },
    {
        "id": 50037,
        "name": [
            "玛法魔君_old"
        ],
        "race": 50,
        "appr": 37,
        "img": "npc",
        "imgIdx": 2280,
        "direction": 3
    },
    {
        "id": 50038,
        "name": [
            "玛法魔灵_old"
        ],
        "race": 50,
        "appr": 38,
        "img": "npc",
        "imgIdx": 2340,
        "direction": 3
    },
    {
        "id": 50039,
        "name": [
            "玛法仙尊_old"
        ],
        "race": 50,
        "appr": 39,
        "img": "npc",
        "imgIdx": 2400,
        "direction": 3
    },
    {
        "id": 50040,
        "name": [
            "玛法仙姬_old"
        ],
        "race": 50,
        "appr": 40,
        "img": "npc",
        "imgIdx": 2460,
        "direction": 3
    },
    {
        "id": 50049,
        "name": [
            "无用的牌子",
            "公告牌"
        ],
        "race": 50,
        "appr": 49,
        "img": "npc",
        "imgIdx": 2760,
        "direction": 3
    },
    {
        "id": 50070,
        "name": [
            "卧龙笔记"
        ],
        "race": 50,
        "appr": 70,
        "img": "npc",
        "imgIdx": 3780,
        "direction": 1
    },
    {
        "id": 50071,
        "name": [
            "卧龙笔记-橙"
        ],
        "race": 50,
        "appr": 71,
        "img": "npc",
        "imgIdx": 3790,
        "direction": 1
    },
    {
        "id": 50072,
        "name": [
            "卧龙笔记-红"
        ],
        "race": 50,
        "appr": 72,
        "img": "npc",
        "imgIdx": 3800,
        "direction": 1
    },
    {
        "id": 50073,
        "name": [
            "卧龙笔记-黄"
        ],
        "race": 50,
        "appr": 73,
        "img": "npc",
        "imgIdx": 3810,
        "direction": 1
    },
    {
        "id": 50074,
        "name": [
            "卧龙笔记-绿"
        ],
        "race": 50,
        "appr": 74,
        "img": "npc",
        "imgIdx": 3820,
        "direction": 1
    },
    {
        "id": 50075,
        "name": [
            "卧龙笔记-蓝"
        ],
        "race": 50,
        "appr": 75,
        "img": "npc",
        "imgIdx": 3830,
        "direction": 1
    },
    {
        "id": 50143,
        "name": [
            "恶魔炼药师"
        ],
        "race": 50,
        "appr": 143,
        "img": "mon2",
        "imgIdx": 0,
        "direction": 1
    },
    {
        "id": 50144,
        "name": [
            "恶魔杂货匠"
        ],
        "race": 50,
        "appr": 144,
        "img": "mon3",
        "imgIdx": 2520,
        "direction": 1
    },
    {
        "id": 50145,
        "name": [
            "恶魔药剂师"
        ],
        "race": 50,
        "appr": 145,
        "img": "mon4",
        "imgIdx": 0,
        "direction": 1
    },
    {
        "id": 50146,
        "name": [
            "恶魔老兵"
        ],
        "race": 50,
        "appr": 146,
        "img": "mon4",
        "imgIdx": 360,
        "direction": 1
    },
    {
        "id": 50147,
        "name": [
            "恶魔学者",
            "恶魔铁匠铺老板",
            "恶魔铁匠"
        ],
        "race": 50,
        "appr": 147,
        "img": "mon4",
        "imgIdx": 720,
        "direction": 1
    },
    {
        "id": 50148,
        "name": [
            "恶魔首饰店老板"
        ],
        "race": 50,
        "appr": 148,
        "img": "mon4",
        "imgIdx": 1080,
        "direction": 1
    },
    {
        "id": 50149,
        "name": [
            "沃玛教主"
        ],
        "race": 50,
        "appr": 149,
        "img": "mon4",
        "imgIdx": 1440,
        "direction": 1
    },
    {
        "id": 50150,
        "name": [
            "恶魔老人"
        ],
        "race": 50,
        "appr": 150,
        "img": "mon5",
        "imgIdx": 0,
        "direction": 1
    },
    {
        "id": 50151,
        "name": [
            "恶魔布店老板"
        ],
        "race": 50,
        "appr": 151,
        "img": "mon6",
        "imgIdx": 0,
        "direction": 1
    },
    {
        "id": 50152,
        "name": [
            "恶魔屠夫"
        ],
        "race": 50,
        "appr": 152,
        "img": "mon11",
        "imgIdx": 0,
        "direction": 1
    },
    {
        "id": 50153,
        "name": [
            "恶魔保管员"
        ],
        "race": 50,
        "appr": 153,
        "img": "mon16",
        "imgIdx": 360,
        "direction": 1
    },
    {
        "id": 50050,
        "name": [
            "玛法战神"
        ],
        "race": 50,
        "appr": 50,
        "img": "npc",
        "imgIdx": 4850,
        "direction": 3
    },
    {
        "id": 50051,
        "name": [
            "玛法战魁"
        ],
        "race": 50,
        "appr": 51,
        "img": "npc",
        "imgIdx": 4910,
        "direction": 3
    },
    {
        "id": 50052,
        "name": [
            "玛法魔君"
        ],
        "race": 50,
        "appr": 52,
        "img": "npc",
        "imgIdx": 4970,
        "direction": 3
    },
    {
        "id": 50053,
        "name": [
            "玛法魔灵"
        ],
        "race": 50,
        "appr": 53,
        "img": "npc",
        "imgIdx": 5030,
        "direction": 3
    },
    {
        "id": 50054,
        "name": [
            "玛法仙尊"
        ],
        "race": 50,
        "appr": 54,
        "img": "npc",
        "imgIdx": 5090,
        "direction": 3
    },
    {
        "id": 50055,
        "name": [
            "玛法仙姬"
        ],
        "race": 50,
        "appr": 55,
        "img": "npc",
        "imgIdx": 5150,
        "direction": 3
    },
    {
        "id": 50156,
        "name": [
            "沙巴克城主(男战)"
        ],
        "race": 50,
        "appr": 156,
        "img": "npc",
        "imgIdx": 4850,
        "direction": 3
    },
    {
        "id": 50157,
        "name": [
            "沙巴克城主(女战)"
        ],
        "race": 50,
        "appr": 157,
        "img": "npc",
        "imgIdx": 4910,
        "direction": 3
    },
    {
        "id": 50158,
        "name": [
            "沙巴克城主(男法)"
        ],
        "race": 50,
        "appr": 158,
        "img": "npc",
        "imgIdx": 4970,
        "direction": 3
    },
    {
        "id": 50159,
        "name": [
            "沙巴克城主(女法)"
        ],
        "race": 50,
        "appr": 159,
        "img": "npc",
        "imgIdx": 5030,
        "direction": 3
    },
    {
        "id": 50160,
        "name": [
            "沙巴克城主(男道)"
        ],
        "race": 50,
        "appr": 160,
        "img": "npc",
        "imgIdx": 5090,
        "direction": 3
    },
    {
        "id": 50161,
        "name": [
            "沙巴克城主(女道)"
        ],
        "race": 50,
        "appr": 161,
        "img": "npc",
        "imgIdx": 5150,
        "direction": 3
    }
]