{
"current_app_proj_id":"4",
"current_data_form_version":"2.0",
"submit_data_operation_classify_info":[
			{
				"operation_type":"3",
				"dest_urls":"http://bu-cra-report.sdo.com:8080/launchersubmit/eventInfoSubmit",
				"dest_urls_for_upload_files":"http://bu-cra-report.sdo.com:8081/logSubmit?projectid=4",
				"need_submit_device_fields":["apilevel","uuid","networktype","device","mem","sdcard","disk","root","packagename"],
				"core_fields":["projectid"],
				"connect_domain_timeout":"5",
				"send_data_timeout":"3",
				"is_block_cur_thread":"0",
				"log_to_local_path":"/sdcard/SDGDataSubmit.dat"
            }
        ]
}